<?xml version="1.0" encoding="UTF-8"?>
<project-private xmlns="http://www.netbeans.org/ns/project-private/1">
    <editor-bookmarks xmlns="http://www.netbeans.org/ns/editor-bookmarks/2" lastBookmarkId="0"/>
    <open-files xmlns="http://www.netbeans.org/ns/projectui-open-files/2">
        <group>
            <file>file:/home/mario/MPLABXProjects/LCD.X/lcd.h</file>
            <file>file:/home/mario/MPLABXProjects/LCD.X/mcc_generated_files/pin_manager.c</file>
            <file>file:/home/mario/MPLABXProjects/LCD.X/main.c</file>
            <file>file:/home/mario/MPLABXProjects/LCD.X/timer.c</file>
            <file>file:/home/mario/MPLABXProjects/LCD.X/mcc_generated_files/mcc.c</file>
            <file>file:/home/mario/MPLABXProjects/LCD.X/i2c.c</file>
            <file>file:/home/mario/MPLABXProjects/LCD.X/io.c</file>
            <file>file:/home/mario/MPLABXProjects/LCD.X/timer.h</file>
            <file>file:/home/mario/MPLABXProjects/LCD.X/lcd.c</file>
            <file>file:/home/mario/MPLABXProjects/LCD.X/io.h</file>
            <file>file:/home/mario/MPLABXProjects/LCD.X/i2c.h</file>
        </group>
    </open-files>
</project-private>
